,train pancreas dice 0,train lesion dice 0,train loss 0,val loss 0,train pancreas dice 1,train lesion dice 1,train loss 1,val loss 1,train pancreas dice 2,train lesion dice 2,train loss 2,val loss 2,train pancreas dice 3,train lesion dice 3,train loss 3,val loss 3,train pancreas dice 4,train lesion dice 4,train loss 4,val loss 4
0,0.0,0.0,0.22050852,0.043088865,0.4802857541109996,0.0,0.1232832,-0.07495697,0.41848759562081156,0.0,0.17804246,0.0038915093,0.4592363014675373,0.0,0.17322066,-0.028646123,0.4231274442023229,0.0,0.14567436,-0.025676515
1,0.5937285340669679,0.0,-0.104620226,-0.25958994,0.6522506971393691,0.426075627736104,-0.27087688,-0.36332366,0.6256486601822446,0.4904275552218616,-0.16532253,-0.32378405,0.6331023006283494,0.0,-0.1601342,-0.28477824,0.6303630066466526,0.48516010714171165,-0.20318757,-0.32204327
2,0.7216930475662496,0.6147467593716377,-0.34698406,-0.49823502,0.6979382470555772,0.5020742571726279,-0.51790667,-0.44408897,0.7179416936443855,0.5351745654014728,-0.4670451,-0.44881698,0.7245450720666553,0.5511451460986152,-0.42600873,-0.47890204,0.7043050310480823,0.5271478788218601,-0.49674898,-0.44291332
3,0.7460328606314167,0.6481017618343428,-0.54582804,-0.551511,0.7369965125067728,0.5158277600777766,-0.60361546,-0.48822403,0.7398646049625619,0.5128842418812167,-0.5785992,-0.44571805,0.7374078620400587,0.6079703469716345,-0.5744637,-0.52882403,0.7468292991223894,0.6122080394967879,-0.5973263,-0.5257186
4,0.7630439383383169,0.6352733958811068,-0.6033466,-0.5665535,0.7603624005216134,0.5781243649894109,-0.6453192,-0.5422152,0.7477893273125914,0.576236525692929,-0.6409,-0.4969827,0.7670846723312877,0.6126964201140432,-0.6358032,-0.5513065,0.742985907208393,0.5785379670692876,-0.6470611,-0.50193924
5,0.7810012596582451,0.644610593207009,-0.6534855,-0.5910677,0.7599079998831867,0.5001364988085995,-0.6785226,-0.49661905,0.7635585672981733,0.5796289181970232,-0.67440456,-0.5112515,0.7929255024720835,0.6068174726914308,-0.6735515,-0.57375664,0.7704630669703455,0.5804307989879286,-0.6843107,-0.5330348
6,0.7954329351396524,0.6423357799422519,-0.68576354,-0.6030596,0.7684386990916751,0.5720661134637784,-0.70596594,-0.5482797,0.7828686661831564,0.5596263416934815,-0.6973297,-0.51736677,0.8021244437736059,0.6318241916534079,-0.70230037,-0.59142804,0.7814640643515902,0.6012255924450565,-0.7078495,-0.5498769
7,0.8053480879145373,0.6801288131107043,-0.70496315,-0.62727785,0.7779834899354742,0.569253630307183,-0.7155363,-0.5537271,0.7863739819744106,0.5603895368968369,-0.71613145,-0.5210023,0.8019047496931473,0.5956466083405827,-0.7205233,-0.5685962,0.7726501067577409,0.6153789499393213,-0.7263099,-0.54680014
8,0.8119689044351911,0.6791774678060768,-0.7238951,-0.63824123,0.7866658047910894,0.5753156864672606,-0.73777944,-0.5612819,0.7939823975646049,0.6090848180706346,-0.73326534,-0.554346,0.7992566851260081,0.6388629490410984,-0.7348967,-0.6003902,0.7854070753240987,0.581449856035626,-0.74331325,-0.54358196
9,0.8182432734838399,0.6861970267206272,-0.7364645,-0.6462192,0.7977420636353787,0.5362002468825907,-0.7512024,-0.5472693,0.797857112943703,0.6069191441851076,-0.74181676,-0.5591043,0.8053041133889289,0.6291952443499239,-0.74682313,-0.59842986,0.7807364001414173,0.6252935451972814,-0.751921,-0.56901574
10,0.8175606695476444,0.6749156620180832,-0.7462361,-0.6367395,0.8022596746387555,0.5552769278831192,-0.7604052,-0.56555486,0.7992324798894361,0.5525159788192345,-0.7514031,-0.5221844,0.8061679316513054,0.6250310892656573,-0.74926794,-0.59835213,0.7909817205732156,0.6017004118279609,-0.7663698,-0.5585333
11,0.8253297471356333,0.6875412818622896,-0.7575029,-0.6525239,0.8031539709289656,0.6035154924795051,-0.7678569,-0.59318644,0.8033156854412639,0.5455205331515866,-0.764797,-0.5208344,0.8164761098259189,0.6063891081588372,-0.75990915,-0.5922603,0.7940210056658108,0.5853470965578298,-0.7764604,-0.55303705
12,0.8228709186426487,0.6809513838104964,-0.77034473,-0.6414683,0.797941356704084,0.5350776878803138,-0.7762458,-0.5515806,0.8142649178406565,0.54354906303977,-0.7752392,-0.53230965,0.8098800241474575,0.6297320478011831,-0.7739912,-0.60129464,0.7990275776227886,0.6368569637246602,-0.7809534,-0.5805173
13,0.8321520544107187,0.7084946616791702,-0.77778053,-0.6689031,0.8117150613874967,0.5601578629180017,-0.78541017,-0.57512975,0.8091024853734324,0.6138365488958102,-0.7829144,-0.57147676,0.8205783832756529,0.62891176394709,-0.78618926,-0.6094331,0.7961594567500339,0.5846047716779919,-0.78498083,-0.55154264
14,0.8262231804461794,0.6912991100420636,-0.78507566,-0.65195686,0.7941172086526105,0.5684126973928981,-0.7874881,-0.5635472,0.8098750941040154,0.5930387984701787,-0.790349,-0.55656326,0.8200645979364514,0.6013037493952961,-0.79345787,-0.58921033,0.7941743078504668,0.6095823541673853,-0.79412884,-0.5711222
15,0.8235760389400901,0.6908304245343985,-0.78889966,-0.6467119,0.8114284645475586,0.6386028240240688,-0.79266006,-0.6192027,0.8044918279689853,0.5935083846593998,-0.7979961,-0.56023234,0.8254113563483539,0.5990798118440442,-0.79568076,-0.59589994,0.8016876887412531,0.5958656224660515,-0.80219495,-0.55909413
16,0.8233993739481287,0.6850199852861703,-0.7969361,-0.6446072,0.8093444061717724,0.5653360111827944,-0.7991818,-0.579063,0.7990271897285313,0.5800975654487126,-0.7968632,-0.54388225,0.8237187459530084,0.6492271568396025,-0.798438,-0.6208181,0.7976971251321452,0.6308872221014502,-0.80698305,-0.57836825
17,0.8319940107098849,0.6926060241542713,-0.7977943,-0.65537405,0.8113119180534996,0.5717041888017825,-0.8060024,-0.58100307,0.8078926271730976,0.5665039564462943,-0.804474,-0.54127264,0.8197373332184114,0.6641196946947787,-0.8014606,-0.62888885,0.8107728095138558,0.606751360588594,-0.81337404,-0.5800735
18,0.8360064352549323,0.6902787792440209,-0.80447185,-0.66078985,0.8123694578954164,0.5718700640567322,-0.8089064,-0.5799525,0.8055341017034044,0.6350510722808201,-0.80725527,-0.58810633,0.8254574019759758,0.635140317997458,-0.80903846,-0.6140121,0.7944866924114751,0.6246320520821156,-0.8141908,-0.57248527
19,0.837324579926603,0.7072152770427518,-0.80790293,-0.6740246,0.8031390590303216,0.5443413137433878,-0.8108379,-0.5570674,0.8085767935680013,0.6075895716712618,-0.81187576,-0.5695371,0.8262604254467087,0.6526663617449352,-0.81550574,-0.63181186,0.8040292922436333,0.5869035867061534,-0.8179901,-0.561813
20,0.8364762324410315,0.670807072568117,-0.81085473,-0.6485846,0.8253536495429449,0.6074731051565647,-0.81757826,-0.6140336,0.8124751686249791,0.587082748665363,-0.81572765,-0.56021833,0.82858959221704,0.6265356050001418,-0.8182582,-0.6195449,0.8128915724996818,0.6166920069504779,-0.81967795,-0.58758414
21,0.8364649647515727,0.6906105539558027,-0.81391174,-0.66037214,0.8142535492271099,0.5703157986562883,-0.81834203,-0.5801248,0.807346347528911,0.6439493172130331,-0.82047975,-0.5847671,0.8226275993555108,0.6188967720521119,-0.8227024,-0.6025143,0.8068038023860372,0.6052761851346891,-0.82940024,-0.5706942
22,0.8325711301215849,0.682103783962266,-0.8193431,-0.6526434,0.8198131562327425,0.605816236867663,-0.8200829,-0.60477996,0.8102339409399818,0.6061387837267044,-0.8244474,-0.5724812,0.8305588014781371,0.6450273182095047,-0.8250002,-0.62390286,0.8094745979624639,0.598310719326176,-0.82964087,-0.56732005
23,0.8380100079099018,0.7108139667480101,-0.8238429,-0.6752775,0.8200974470550015,0.6326552013729142,-0.8252464,-0.6187308,0.8142697498606747,0.57192286087009,-0.82750684,-0.55545354,0.8281341670335541,0.6329812757994828,-0.8293833,-0.6161116,0.8081223897892484,0.5956948491397165,-0.8316233,-0.5715519
24,0.8327887210416403,0.7107473905433908,-0.82569253,-0.6685262,0.8220746050079982,0.569881609707241,-0.83249044,-0.586801,0.8178547071435481,0.6078071267975459,-0.8328524,-0.58043075,0.8341953969350793,0.6403462491933979,-0.8317978,-0.6267547,0.8102475125056275,0.5975483731207084,-0.8351042,-0.57175463
25,0.833411825068254,0.712567057363654,-0.82758117,-0.66770744,0.82038333956513,0.5992047658931755,-0.8333522,-0.6070444,0.8119701869034445,0.6169510148420329,-0.8359461,-0.5816196,0.8299941444509141,0.6519564923726566,-0.83196443,-0.62718236,0.8099015676627381,0.5677286082975469,-0.83615196,-0.55185777
26,0.8334979574469521,0.70241159671767,-0.8309119,-0.66094947,0.8129221285588163,0.5746187079370207,-0.83727044,-0.57995254,0.8199804340478052,0.6026512581832255,-0.83749634,-0.5703999,0.8312217809559119,0.6211854518519698,-0.8351232,-0.6079247,0.8128975484844828,0.5574557777828242,-0.8368691,-0.55489993
27,0.8428476844132942,0.6917307691861061,-0.83261204,-0.66609573,0.8209587965583484,0.6181778809620246,-0.8402934,-0.6105658,0.8204853098641451,0.5992781787895614,-0.8423808,-0.5732833,0.8300717589050876,0.6183099654705402,-0.8393405,-0.6061089,0.8079617133669218,0.5985468285522114,-0.8443416,-0.56611735
28,0.8390288845167958,0.6940421496075365,-0.8392037,-0.6621785,0.8229880670919727,0.5928159269742932,-0.8432006,-0.5937922,0.8170737037456284,0.5823785864963547,-0.8409808,-0.5584584,0.8207618972245078,0.6443450376470498,-0.83939475,-0.6169581,0.8075421870122653,0.6157593043884255,-0.8469707,-0.5777257
29,0.8363554741548737,0.6968977191437417,-0.84394765,-0.6621486,0.8163644686281355,0.5946786180091934,-0.84241366,-0.5956269,0.8211582272264406,0.5968890598464556,-0.84408283,-0.5756331,0.832941383224609,0.617017286704135,-0.83778626,-0.6037487,0.8204927860191018,0.6017462116182871,-0.84446377,-0.581106
30,0.8463539157725269,0.7103638734056341,-0.8408593,-0.6816907,0.8293564176068761,0.5803962120089383,-0.84697264,-0.59634703,0.8241817259649937,0.6145700720518086,-0.84618604,-0.5860748,0.8256276299678572,0.6379984584898323,-0.8436722,-0.6141838,0.8186728831848921,0.6086593683225288,-0.85190344,-0.58368516
31,0.8424073420100531,0.7044136188325272,-0.843068,-0.67290664,0.8283620490047644,0.6591774197960871,-0.8484353,-0.6431896,0.8191904805082847,0.6324371624622397,-0.8503114,-0.59292114,0.8297222476371172,0.6494555297086687,-0.84845626,-0.6262708,0.818611883305082,0.6169565096086497,-0.84879404,-0.5892276
32,0.8395669111874999,0.6859516236191349,-0.847533,-0.65830237,0.8200612544449878,0.5749202684220306,-0.85136366,-0.58851874,0.8245004723399012,0.5875955959132495,-0.8523893,-0.5668914,0.8346803057702528,0.6392000662434822,-0.8508763,-0.6235716,0.8170465744855556,0.5993479675098976,-0.85060114,-0.57384956
33,0.8450692580120783,0.7222294339009702,-0.8460504,-0.68854886,0.8267073374112259,0.5792768123728966,-0.85082334,-0.5974995,0.8245698646642469,0.5889928475975234,-0.8538313,-0.5674812,0.8353524921217277,0.6211324043557096,-0.8543278,-0.6080501,0.8207027935203621,0.58949641192589,-0.85452294,-0.56467515
34,0.8396722747167177,0.6916896567080648,-0.8491017,-0.66554815,0.8258358150265088,0.6318170491458889,-0.8541063,-0.62049586,0.822863677265685,0.5844041689740628,-0.8539207,-0.57029015,0.8377378541046535,0.6375992958902299,-0.85291034,-0.6217569,0.8117726069297144,0.5601450301998671,-0.8575197,-0.5499759
35,0.8340485355419976,0.6833571338269325,-0.85389745,-0.6509295,0.821228972184712,0.603768864784169,-0.85657364,-0.6015414,0.8217460248074568,0.6100272059531947,-0.8524753,-0.5847466,0.8313206011764891,0.6477588302070794,-0.8555131,-0.61972815,0.8178008260036718,0.614598384126754,-0.8569507,-0.5845299
36,0.8445889374160196,0.7156063871070987,-0.856359,-0.6818802,0.8376295834654817,0.5969349485588505,-0.8564633,-0.61237043,0.8170521828539369,0.6191448842960305,-0.85885423,-0.5840725,0.8347506960499457,0.6436481882269709,-0.85781664,-0.6226553,0.8144889181818292,0.5883481134590394,-0.8589954,-0.5633308
37,0.8479175192585735,0.7144079371368774,-0.8554718,-0.68284935,0.8306822707401276,0.575134087910074,-0.8602281,-0.5983641,0.8240495070950689,0.5701961004820397,-0.8572709,-0.5473479,0.8373872945023623,0.65781722694652,-0.8582706,-0.6354953,0.8169238955352432,0.5800573408968253,-0.8607637,-0.5602009
38,0.8340543641592737,0.7076322789493882,-0.8545551,-0.6662731,0.8317430807778003,0.6103642241253396,-0.86101866,-0.61733836,0.8199193844783513,0.629641509024768,-0.85501033,-0.5940748,0.8362231747189539,0.6372990693554015,-0.8633451,-0.62162316,0.821242554662971,0.6263922359018439,-0.8634685,-0.6007168
39,0.8409930169852491,0.6993622305085784,-0.85313576,-0.6641487,0.8292974222614335,0.6288940343034745,-0.8636061,-0.6232743,0.8240004569919772,0.5180760072925947,-0.8613204,-0.5189972,0.8282084606939967,0.6579307725418444,-0.8646168,-0.6253353,0.8103197753309132,0.5931078182400947,-0.8634003,-0.56154907
40,0.844816174021504,0.6877900170068405,-0.8581068,-0.6668935,0.8314683162064327,0.5941220064413741,-0.86649674,-0.6120529,0.8243834163660355,0.6248367587375733,-0.86412764,-0.5958297,0.8351091750257132,0.6293341838179823,-0.8664226,-0.610276,0.8127146273908675,0.5805019363112738,-0.8668843,-0.55063295
41,0.8508740241823162,0.6975803732971524,-0.8604188,-0.6774185,0.8284217182028719,0.6032861049178756,-0.8674446,-0.6091124,0.826460867091558,0.6177089544994383,-0.86377025,-0.5847633,0.8381823760910224,0.6439197897728753,-0.8656666,-0.6221698,0.8193168254490422,0.5766735016702917,-0.8684191,-0.56178534
42,0.8432529118001986,0.7184091390670564,-0.86546177,-0.68027496,0.8270882478952943,0.571655471321189,-0.8678571,-0.5873954,0.8218203976118984,0.605203011208978,-0.8651546,-0.5764617,0.8276644366047934,0.6412279545469497,-0.8678936,-0.61193484,0.8150052023800547,0.5811847079718624,-0.86803705,-0.5588934
43,0.8395003907785706,0.6955805327576949,-0.8647576,-0.6639051,0.834252709962191,0.6123938522001544,-0.8688001,-0.62134546,0.8225494115735923,0.5841460109882454,-0.86660117,-0.56470907,0.8387930730469454,0.6364835193373325,-0.86886305,-0.62292486,0.8247768817893103,0.6148238031630029,-0.8730964,-0.58325106
44,0.84471011357222,0.6961952386626189,-0.8632625,-0.66622114,0.8374701101069275,0.5943122083608192,-0.87141114,-0.6101984,0.825448302445904,0.5040548913748301,-0.868828,-0.51117116,0.837925801868573,0.619183854534914,-0.8696678,-0.60308844,0.8200951615019942,0.6076679318440359,-0.8736721,-0.5778362
45,0.8446516544049081,0.6798804589179207,-0.86636233,-0.6603688,0.8342380710862843,0.5968605709498387,-0.87084097,-0.6120184,0.8252993104487448,0.6080548802913553,-0.86882645,-0.58061224,0.8364272056198204,0.6118761217244642,-0.87037945,-0.60871935,0.8166086120277259,0.5847379317974681,-0.87565845,-0.56350595
46,0.8448364348979656,0.6715246486042126,-0.8636109,-0.6575683,0.830185708068641,0.6442209714726735,-0.869245,-0.63631254,0.8291492212426974,0.5557512244646939,-0.868772,-0.5519117,0.8337557202353244,0.645786088062955,-0.8667814,-0.6188966,0.8111793098228826,0.6086033687910919,-0.8752546,-0.57386005
47,0.8465739120134783,0.6799593202581817,-0.8679578,-0.66284174,0.8329429459763483,0.5701507237333022,-0.87030256,-0.59298575,0.8310453612777496,0.6554106569803332,-0.8710035,-0.6159967,0.8380769040406078,0.6266245532780281,-0.8710076,-0.6128702,0.8093713825444694,0.608837558356191,-0.87662226,-0.572129
48,0.8443296462473284,0.709945269397208,-0.8686742,-0.67719,0.8300154757433256,0.609849014106346,-0.8695424,-0.6163941,0.8224973771759576,0.6025177906476052,-0.8700651,-0.57754695,0.8421034972611618,0.648432338238081,-0.87325037,-0.63106245,0.8188420118873053,0.5661122147474321,-0.87739503,-0.55378795
49,0.8497100419615597,0.7010351118218058,-0.86987984,-0.67674476,0.8329177716173606,0.5497055427232904,-0.87012535,-0.5832343,0.8262862390685385,0.5502444407206556,-0.87101066,-0.54359585,0.8360465048800594,0.635739595481623,-0.8744503,-0.6177219,0.8159694845431361,0.5961269357210831,-0.8764936,-0.5731809
50,0.840507119519007,0.7052384913579844,-0.8698862,-0.6675434,0.8317684686662516,0.6047653682749558,-0.871652,-0.6134605,0.8226121882919393,0.5899130806855306,-0.87097585,-0.5585522,0.8300056777730928,0.6384136955310152,-0.87542576,-0.61324847,0.8178306310506784,0.5875908440110916,-0.87744254,-0.5604359
51,0.8508160175649448,0.715979653597199,-0.8684408,-0.6849828,0.8331453034053782,0.5816877859307737,-0.8730315,-0.5994582,0.8264944817137333,0.5572832776303427,-0.8737136,-0.5513947,0.8392222809908381,0.6221306558658819,-0.87164706,-0.6085972,0.8197367310266646,0.6016665823047571,-0.8796608,-0.57562816
52,0.8511432343357117,0.6998247887338255,-0.8729137,-0.6756497,0.8339260541433251,0.5956876652035068,-0.8774902,-0.60936195,0.825022701927495,0.6134137170804843,-0.87877405,-0.57567716,0.8405390005758993,0.6382705168206676,-0.87707376,-0.6255905,0.8149593407915667,0.6086880227083604,-0.8816802,-0.5780816
53,0.8477128338688307,0.7129163037220893,-0.8752226,-0.678656,0.8258380007528807,0.5878880003249447,-0.87448937,-0.5995575,0.8278758767380948,0.5819370301883049,-0.8789977,-0.56582105,0.8397341316059009,0.6402472250705523,-0.8781557,-0.6215526,0.8195562807304405,0.5962160905919939,-0.8849456,-0.570327
54,0.8480090053573741,0.6971361977581139,-0.8731295,-0.66769034,0.829341193566108,0.6027251594818832,-0.8783792,-0.60670805,0.819617418881009,0.6256064142419083,-0.8800354,-0.5840178,0.8337353148874943,0.6410400382129741,-0.873017,-0.62219703,0.8114578232618233,0.5805107775180786,-0.8849074,-0.55571735
55,0.8484225709827541,0.6991039047421737,-0.8757522,-0.67188543,0.8357429453738126,0.5740140982681131,-0.88018245,-0.59138834,0.8291237758311878,0.5440771067084303,-0.8803782,-0.5383758,0.8390906638398294,0.6543965756902167,-0.8799302,-0.62701696,0.815357713529105,0.5919893394010363,-0.885006,-0.5612156
56,0.8489838163875898,0.6920945435712635,-0.8778232,-0.6682211,0.8257148777033155,0.64167017732872,-0.8814584,-0.6292136,0.8221526271502919,0.5653997921361373,-0.88211703,-0.5547007,0.8429392645628564,0.6027582006781016,-0.8835861,-0.5982569,0.8147966217793327,0.5983556760810398,-0.88353926,-0.5708397
57,0.849996447936458,0.7021194477450309,-0.87965083,-0.6783695,0.8312059381683358,0.5617422644315413,-0.8829697,-0.5793352,0.8244241060533191,0.5694729374682633,-0.8832268,-0.55577433,0.8329112195779507,0.6108404441056411,-0.8822394,-0.5961963,0.8207341682118992,0.6117492871176148,-0.8840708,-0.58076113
58,0.8422880382306038,0.6820775096903485,-0.87833625,-0.6569818,0.8244305530070974,0.6418942030778414,-0.8810901,-0.6248043,0.8255384908549855,0.5956755444980758,-0.88218176,-0.57295,0.8350291911172076,0.6080110734509706,-0.8830381,-0.60043716,0.8115957773070561,0.596195196965621,-0.88737196,-0.5584359
59,0.8497786791007037,0.6812021229734521,-0.87892795,-0.6600296,0.8341493335249134,0.5809736487755996,-0.8824143,-0.60062134,0.828404563813756,0.609144366854877,-0.88254064,-0.58053076,0.8319321113306204,0.6158927575798855,-0.885379,-0.5958246,0.8078437996113029,0.5780234348698273,-0.88656163,-0.5449451
60,0.8523368571535422,0.7186024436016358,-0.8783228,-0.68551576,0.8255442475392263,0.5817118230376721,-0.8853372,-0.5935215,0.8238924465165435,0.5844906877202267,-0.8846076,-0.5596775,0.8344765323985415,0.6327792514882135,-0.8800573,-0.6176082,0.8160830999861302,0.6167321966096879,-0.8884013,-0.57877874
61,0.8501129274692674,0.6802161896049581,-0.8829025,-0.66167116,0.8382412036042651,0.6179028516802497,-0.88472545,-0.62280405,0.8224220738664962,0.5768111767504471,-0.88515496,-0.5508309,0.8405443335094148,0.6373645202203743,-0.8816061,-0.62131226,0.8180118937102829,0.5787644794343023,-0.8895272,-0.5612045
62,0.8480054923909132,0.6959693144909798,-0.88270277,-0.6656372,0.8308476934182724,0.5610237805667957,-0.88526416,-0.58508897,0.8240881172499851,0.5608094633109381,-0.8857545,-0.5489033,0.8357564585689513,0.6372325903653023,-0.8819428,-0.6206933,0.8209244407645628,0.5813770173320254,-0.88820136,-0.55940497
63,0.8549970450796479,0.6953849433332149,-0.8814916,-0.6724926,0.8369203203054157,0.5758419910358958,-0.8828418,-0.59718263,0.8288358147551356,0.6248576331449858,-0.8825278,-0.59579366,0.835118171324288,0.6118509655656011,-0.8845372,-0.60181975,0.8160726325473644,0.6031464811381466,-0.88618165,-0.56796217
64,0.8511655870021212,0.7112038081296754,-0.8853384,-0.6814693,0.8318727446893232,0.5793543592182097,-0.8841053,-0.6010432,0.8193841946583224,0.6112974370216548,-0.8843675,-0.5788633,0.841198208707348,0.6455830146606918,-0.88797325,-0.62726223,0.8247278205993509,0.5903307634290141,-0.8830476,-0.5726849
65,0.8471388589593839,0.7056187214597033,-0.8857738,-0.6713218,0.8335036247117029,0.6414526542960723,-0.88372326,-0.63640493,0.8303689177826301,0.5864455383983317,-0.8861674,-0.56290156,0.8411595227819421,0.6388767264565819,-0.8886644,-0.6166807,0.8222870040908479,0.5684138105183867,-0.88952184,-0.5529245
66,0.8458770988497711,0.6893362240435108,-0.8871212,-0.6604854,0.8357313958404287,0.6146357053601498,-0.88629836,-0.618996,0.8248004177121965,0.6212825056724484,-0.8893995,-0.58978945,0.836466394829547,0.6304128099323045,-0.8913496,-0.6097455,0.8230238899417727,0.569986752168866,-0.8902926,-0.55523664
67,0.8477549216351237,0.6805179314603399,-0.88785595,-0.66188776,0.8249014120659528,0.6174914382910847,-0.88644403,-0.61062586,0.8260235757456227,0.6578545453734691,-0.88689595,-0.6123573,0.8377219569566186,0.6339664128015888,-0.8868981,-0.6203363,0.82080138040829,0.6104759556128995,-0.89139426,-0.579887
68,0.8505834995933411,0.6929584947241963,-0.8883086,-0.66809636,0.8244478628684364,0.5852499553250357,-0.88446623,-0.5892981,0.8209529548966695,0.5556341133524408,-0.88731945,-0.5404165,0.8345759824887825,0.6163044650129107,-0.88620204,-0.6016834,0.8161148282469051,0.593396568327966,-0.89218056,-0.56537515
69,0.8501809069321077,0.7003300749016123,-0.88812774,-0.6714338,0.8320488840619105,0.6264052442333629,-0.88735735,-0.6215961,0.8188569455017567,0.6259120655454784,-0.88720125,-0.58639127,0.8268659954566939,0.6233092007569133,-0.8887241,-0.59752816,0.8082077496801381,0.6227515998930052,-0.8915819,-0.57917666
70,0.8466719294448457,0.6973896959566194,-0.89031774,-0.66492915,0.8281597109493068,0.5960797039055171,-0.8816462,-0.6073996,0.8278663176748055,0.6084286999151561,-0.8896856,-0.581398,0.8376049854518337,0.6067304783430572,-0.8909253,-0.5939317,0.8178212640328714,0.5878156055924187,-0.89380705,-0.5603743
71,0.8468367478759422,0.6999131867051014,-0.8901213,-0.6693099,0.8253744727807715,0.5793509683070095,-0.88274944,-0.58976656,0.8279146120297375,0.6436362891621195,-0.8922407,-0.60315835,0.8307405326877727,0.6060213390273085,-0.89167863,-0.5813827,0.8217278742701869,0.625214123674748,-0.89489526,-0.58536166
72,0.8529927683973187,0.6762666245570559,-0.8928015,-0.6609811,0.829059095007494,0.5689183958040209,-0.88942766,-0.58508366,0.8214398844488618,0.6434248113887764,-0.8927855,-0.58932114,0.8361349353097446,0.6323621455119008,-0.8937281,-0.6102822,0.8227984630980696,0.6042432001481234,-0.8927445,-0.573493
73,0.8496855612987161,0.6826884965550758,-0.8917528,-0.65582514,0.8310666347968547,0.625988644807728,-0.89358824,-0.62077963,0.8292869465228137,0.593751940817936,-0.89205796,-0.5683082,0.8344659576201091,0.6475822455016297,-0.89071804,-0.6201736,0.82132326182336,0.6158194758126908,-0.8937979,-0.578657
74,0.8513378823610414,0.6725655529773,-0.8920059,-0.6522,0.8325956304073748,0.5946115781790212,-0.89157444,-0.60203165,0.8252082576481495,0.627265613396497,-0.892666,-0.59240663,0.8387360248730945,0.628287707197155,-0.8954436,-0.608817,0.8228750395065574,0.61205895045154,-0.89628214,-0.57990605
75,0.8516708077360582,0.6991999531864219,-0.8914159,-0.6724057,0.8336493014405181,0.6222248890705679,-0.89239514,-0.62168425,0.8277693034308569,0.590626843884829,-0.894323,-0.56546384,0.840561484814316,0.6377690250172029,-0.8943735,-0.62166727,0.8201576166408782,0.610038696453402,-0.8973847,-0.5792057
76,0.8517683908899345,0.6847999111538888,-0.8937222,-0.6678639,0.8381573613071296,0.6151783988063063,-0.89261276,-0.6255657,0.8313121982081048,0.5550681838907533,-0.89499307,-0.54544425,0.8268886649481734,0.6284173201809166,-0.89463747,-0.5954268,0.8255233626381464,0.5842798500068473,-0.89963293,-0.5685134
77,0.853678439301345,0.7108120634070673,-0.8950947,-0.68047655,0.8362079050666702,0.5820338406624319,-0.89432675,-0.5963644,0.8245077864904188,0.6013992432141316,-0.8961173,-0.5757069,0.8397145765463703,0.6514762151497638,-0.8945307,-0.62860185,0.8224559183780129,0.5930225005570259,-0.8996187,-0.56997716
78,0.8472015670572304,0.6956846194176666,-0.891274,-0.66748655,0.828347516796206,0.6089595226473792,-0.8950477,-0.6046755,0.8280715950981621,0.6142885152454187,-0.8969699,-0.5880287,0.8428203718425508,0.5867204317247617,-0.8914568,-0.5819928,0.8257440052417334,0.587747302669978,-0.8994291,-0.56936526
79,0.8509555779432415,0.6910503727509616,-0.8951136,-0.6686383,0.831697148080155,0.59926636843312,-0.896771,-0.6063169,0.8292634268572721,0.5663104223854428,-0.8970924,-0.5526422,0.8426277344343523,0.6443418508202076,-0.891064,-0.62848395,0.8215441447649351,0.5981138641661604,-0.89766645,-0.5705248
80,0.8470060933557109,0.6747366124234873,-0.8938775,-0.65078473,0.8333272643312067,0.5605790136976833,-0.89771795,-0.58669966,0.8293266731712003,0.6024311501226933,-0.8998398,-0.5698452,0.8381936447124518,0.6100998108918296,-0.89447385,-0.5967326,0.8212548790116196,0.6092126989721343,-0.89971226,-0.5750795
81,0.8400357685117918,0.6930766337393574,-0.8952706,-0.65991426,0.8294055385573096,0.5816321326262588,-0.89557296,-0.589035,0.8334849415916242,0.60036936008712,-0.899863,-0.5765891,0.8391185557948688,0.6327821964180215,-0.8962591,-0.6106401,0.8181477404901472,0.5972562029983733,-0.90006745,-0.56540895
82,0.849462456526236,0.6916853520456396,-0.8937456,-0.66403574,0.8346284323060539,0.571403537593779,-0.89709014,-0.59295416,0.8248531875492641,0.5968479032188645,-0.8990755,-0.5600314,0.8350809112963787,0.6528202865037827,-0.89859813,-0.6233479,0.8272001085442108,0.5971283098533247,-0.90212256,-0.57578117
83,0.8517044007937433,0.6839677977258111,-0.8912892,-0.6610611,0.8363547817878252,0.5752025057371457,-0.89999884,-0.59606683,0.8215434731029737,0.625823168775946,-0.9007299,-0.5894543,0.8385951233448624,0.6495070025137228,-0.90179306,-0.6264004,0.8215130814318085,0.5887554712955723,-0.90380746,-0.56708324
84,0.8484279907293826,0.6668557621351625,-0.8952941,-0.6443836,0.824869796403111,0.5327354698465236,-0.9000683,-0.560067,0.8311285885054712,0.5602968802844321,-0.901132,-0.55018127,0.8418267797871204,0.6456574242784598,-0.901172,-0.6224698,0.8161443049596198,0.6192634673334071,-0.9040194,-0.57619727
85,0.8492847078439614,0.7006066844371358,-0.8949797,-0.6709552,0.8290394993900727,0.5457074126334827,-0.8955926,-0.57189965,0.8294434820290439,0.5936738806539884,-0.90056384,-0.57081926,0.8403719496000831,0.6416099697357335,-0.9016566,-0.61564386,0.8207641403053769,0.5889388026195848,-0.90396255,-0.5633273
86,0.8517083608296314,0.6970533870216671,-0.89889467,-0.669338,0.8345398485963762,0.5957387943343345,-0.8970847,-0.6064845,0.8263817479131668,0.5496269797327905,-0.90125215,-0.5372262,0.8439049693131541,0.6081248022254442,-0.9012476,-0.60083985,0.8194582028610667,0.5962801192354498,-0.9048451,-0.56800514
87,0.8519890239658904,0.6973116589750199,-0.9001121,-0.66762847,0.8313067979799157,0.541951179039085,-0.8994866,-0.56802875,0.827088602883542,0.5971489759864183,-0.9025056,-0.57285464,0.8363616169291639,0.6327046624519719,-0.902639,-0.6062111,0.8282845674611162,0.6109004017836132,-0.903906,-0.5884683
88,0.8437563727297792,0.6857141379227849,-0.89908534,-0.65112555,0.8299682503857306,0.619916537903297,-0.9001187,-0.60803777,0.8313477799635401,0.6331309345268507,-0.9005815,-0.60198736,0.8457812347987385,0.6500499557323597,-0.9035876,-0.6307585,0.8220935341669294,0.5893386583935124,-0.90650296,-0.57101923
89,0.8526260143758381,0.6866497139516374,-0.8992867,-0.6645325,0.8386300123653534,0.5227405340838691,-0.89928174,-0.56251025,0.8290191250593321,0.6250629623609799,-0.902696,-0.590918,0.8418592235230198,0.6178501455028659,-0.9027589,-0.604213,0.8235057336645,0.5906720274845791,-0.9038631,-0.56890607
90,0.8496464651324248,0.6942595307007868,-0.8988466,-0.6669505,0.8382327720231683,0.5705304224661446,-0.8957284,-0.59483314,0.8322307443367721,0.5730177285313468,-0.9044795,-0.549765,0.8379085391700214,0.631583733963822,-0.90236205,-0.6103027,0.824198833887228,0.5757812178030546,-0.90355796,-0.5598234
91,0.8505508265877134,0.6989809281671827,-0.9007008,-0.67537063,0.8398362633444364,0.595661840226087,-0.9005943,-0.60971445,0.8302900256972939,0.6293982459253334,-0.9033875,-0.5907437,0.8403759389233499,0.6354701234354813,-0.9040038,-0.61318976,0.8220101578257147,0.5914901472647365,-0.8989965,-0.567516
92,0.852565152878593,0.6774020732678124,-0.9004612,-0.65674996,0.8389799322660901,0.5810548648209558,-0.9015665,-0.6001701,0.8287921442247616,0.6610737987511283,-0.9020841,-0.609423,0.83975583355523,0.6166992164459836,-0.90676236,-0.6006096,0.8190333528968415,0.5962424028582626,-0.902758,-0.5688871
93,0.8498103337548139,0.6882773923101646,-0.90221274,-0.66321146,0.8397732734242036,0.5573085733525561,-0.90300417,-0.58490604,0.831895849957057,0.5920209590667662,-0.9042237,-0.5736327,0.837629694868242,0.629515735734505,-0.9064849,-0.6077764,0.8201062622930361,0.60663330972365,-0.9048981,-0.5722004
94,0.8519013051561609,0.6764211372108471,-0.90253747,-0.6588949,0.8340727921410932,0.5452029426234314,-0.9041698,-0.5734894,0.8328704071508325,0.6341759175455771,-0.9039563,-0.6006566,0.8385005525385638,0.6455408832582525,-0.9078226,-0.6160098,0.8231648494685733,0.5733671442812652,-0.9054031,-0.550811
95,0.8528565009755504,0.6811353355450338,-0.9027317,-0.65870035,0.8349990167352915,0.5711975935089264,-0.90376806,-0.59151465,0.8300210405744113,0.6001103098514549,-0.9054562,-0.5770883,0.8306033009672238,0.6273221129476342,-0.9016881,-0.60203004,0.8241084056652348,0.6004272202407827,-0.90558827,-0.5690258
96,0.8479877445426299,0.6876621612594358,-0.90206814,-0.6603702,0.8314387861606428,0.5960386778332635,-0.9040905,-0.6005683,0.8355897019815884,0.6123007086359024,-0.90625316,-0.5875906,0.8397137335601379,0.6271791738747371,-0.89969134,-0.608816,0.8208537188349092,0.5955476700297272,-0.9087678,-0.5599454
97,0.8445402964933261,0.6909065533557144,-0.90273964,-0.6576796,0.8258269928457153,0.5864816792046695,-0.9030606,-0.59343797,0.8312685702969623,0.6129034423886667,-0.90596926,-0.58681446,0.8447108520321431,0.6267355212151626,-0.9038788,-0.61216724,0.829760326592261,0.596853459126556,-0.90982133,-0.5744536
98,0.8489496167804864,0.6874508714564138,-0.9026741,-0.6562097,0.8370007921379496,0.6076240821485721,-0.90426147,-0.61257505,0.8276635675493819,0.5949970430497558,-0.9048344,-0.56577134,0.8322647882983167,0.618889706332534,-0.9069116,-0.59544605,0.8275684940165288,0.6119581883212426,-0.9100803,-0.5810656
99,0.8532710994126929,0.6958832495483552,-0.90459096,-0.66613626,0.8326426692175731,0.5479166783811577,-0.9047572,-0.57000047,0.8310038278148,0.6001649959982314,-0.9082768,-0.57405734,0.841629840968111,0.6356914963878192,-0.9059368,-0.61371356,0.8198126844294541,0.5644805020540451,-0.91124576,-0.54389536
100,0.8530247024814169,0.6600896426131835,-0.90140784,-0.6481076,0.8357223126606116,0.599998704226049,-0.9060655,-0.6058718,0.8303815503048863,0.6026109890788135,-0.90799326,-0.573368,0.8432079919608175,0.6330589554310142,-0.9072041,-0.60937196,0.8237611931360314,0.5945674653960603,-0.9096587,-0.56589305
101,0.8504772161500017,0.6818105985525088,-0.8972899,-0.6569014,0.8313044036131862,0.5747634143361843,-0.9074467,-0.5889377,0.8329015941603136,0.5797863667603759,-0.907977,-0.55792195,0.8420240621252496,0.6140717011001338,-0.90756124,-0.60102963,0.8175843075414457,0.5903667695592355,-0.9091753,-0.5562105
102,0.8456090987364433,0.6782971789253034,-0.90310574,-0.65198225,0.8400939720075612,0.5961022863294068,-0.9067272,-0.60619295,0.8334458127317502,0.6327878019381118,-0.90916884,-0.60009444,0.8368476227875454,0.6348649567383794,-0.9097854,-0.6083292,0.8258139244148481,0.6103095649472134,-0.910978,-0.58644503
103,0.8518006899533778,0.6939421093249759,-0.905584,-0.66655153,0.8289480879576757,0.5693362786688991,-0.9076345,-0.5799228,0.834298871714866,0.6055323788810263,-0.9079733,-0.579805,0.8365851144680347,0.6177802844024594,-0.90890807,-0.5997667,0.8270105159298997,0.5913603103833774,-0.9105709,-0.5653873
104,0.8456030380097931,0.6961461223678568,-0.90686446,-0.66489756,0.8344855238915914,0.5004698543338191,-0.90592945,-0.53943354,0.8339702831964545,0.5710183211056948,-0.908828,-0.5643776,0.846213639389467,0.6480755451544293,-0.910842,-0.6213375,0.8196572830653257,0.5976512254060092,-0.9119627,-0.55891055
105,0.8479052706662268,0.6935965887570711,-0.9069367,-0.66178024,0.836938780889621,0.5448644576696731,-0.9070323,-0.5733861,0.8281604853445774,0.580910387498638,-0.9080546,-0.5544128,0.8431196018147971,0.65266099118783,-0.9104239,-0.6311753,0.822037578492252,0.5924080817814285,-0.91353774,-0.56412923
106,0.8471975543119672,0.7045781846525374,-0.9086694,-0.66883796,0.8330291092299347,0.6221760284339686,-0.90867794,-0.61498076,0.8303924867696364,0.5511919316564556,-0.90937644,-0.53974307,0.8403221503617678,0.6199839367136731,-0.9100048,-0.60212636,0.8255162981917329,0.5835780365734462,-0.91313905,-0.5590664
107,0.8510239115669584,0.6910027076923366,-0.9098464,-0.66336733,0.8311501762916587,0.5508040471519342,-0.91138107,-0.57430106,0.8323724208993023,0.5751478630039109,-0.9088325,-0.5576881,0.8425233491109242,0.6268852187529806,-0.9111488,-0.60924274,0.8223017800453415,0.6073206235968702,-0.912437,-0.5693911
108,0.8550909488884106,0.7188807636629162,-0.9068209,-0.68696856,0.833952657656817,0.5979760168050218,-0.9104563,-0.6017503,0.8300170115971952,0.6034694475354232,-0.9102294,-0.5712806,0.8400244629739471,0.6307304788478899,-0.9130446,-0.60552686,0.8211927652290752,0.5985540490774282,-0.9135367,-0.56691736
109,0.85275727394505,0.6923242559418357,-0.9075938,-0.66420525,0.8274445403997319,0.547889203994204,-0.90907437,-0.57123774,0.8310362050296625,0.560700989562364,-0.9114812,-0.5512477,0.8402429151690792,0.6486371740900593,-0.91147244,-0.6242035,0.8288817224037723,0.5968579438853829,-0.9157605,-0.57599103
110,0.8521470905834475,0.6926493558210729,-0.90901077,-0.66105413,0.8363769870341805,0.5594352665516423,-0.9094401,-0.579021,0.8275937270787915,0.5981222895419798,-0.9108386,-0.5733105,0.842892892432328,0.6364971529668771,-0.91174704,-0.6146975,0.8258771517481522,0.5875992411727552,-0.91550624,-0.5681865
111,0.8538197570571369,0.6967993071003477,-0.9099664,-0.671467,0.8310636338899507,0.6079184011161536,-0.91123825,-0.605921,0.8324134524876244,0.6080821327868456,-0.9114934,-0.5792522,0.8456152186521226,0.6536409137751849,-0.91348374,-0.629998,0.8221868899661113,0.5827502578689254,-0.9147903,-0.5553249
112,0.8553223079693132,0.6921270955183527,-0.9097148,-0.6668469,0.8370233855872388,0.5879277326060888,-0.9105454,-0.6019093,0.8325188929142318,0.599891804741888,-0.91398734,-0.5766132,0.8341705729274606,0.6405110823804779,-0.91361034,-0.6094282,0.8243789069043651,0.6286082547750879,-0.9163088,-0.586793
113,0.8509412767134041,0.6772746350343081,-0.9094955,-0.6528699,0.8379448828350607,0.5658903123015316,-0.9105707,-0.58783495,0.8293371123665235,0.6403686339860325,-0.91061085,-0.59505445,0.8409744158947365,0.6496585063700852,-0.9144879,-0.6196361,0.8249565618911296,0.5973368424552271,-0.91604453,-0.5687288
114,0.8539212175251906,0.6868127480153134,-0.9043464,-0.66175324,0.8311031171132547,0.6128055979997222,-0.9115618,-0.6058506,0.8305289088090662,0.5733128766483552,-0.9105264,-0.5548789,0.8401788776138845,0.6303804195922654,-0.914001,-0.61249053,0.8225176694212266,0.6081668819394677,-0.91534597,-0.5766468
115,0.8560377937096196,0.687226566404478,-0.90988314,-0.6641672,0.8374658525295344,0.5519543105434676,-0.9130292,-0.57532156,0.8357060553904833,0.6166818194509399,-0.9141334,-0.58920985,0.8378906131105697,0.6490373375915807,-0.9144723,-0.6186925,0.8234218692585018,0.604722226054327,-0.9163846,-0.57058823
116,0.8519485117234717,0.6893035288777941,-0.90919715,-0.66501373,0.832381955085018,0.5633427884337672,-0.91399103,-0.5749955,0.8344247423692509,0.6128563763294455,-0.91414756,-0.5905676,0.8364646875794605,0.6327561378563754,-0.9145729,-0.6034157,0.8226763019865652,0.6092817608457393,-0.9165708,-0.5756703
117,0.8552065562083743,0.6937878747222557,-0.91117054,-0.6642851,0.8338028210296292,0.5690183200391483,-0.91406053,-0.5821698,0.8334831532642538,0.62665190395002,-0.9148479,-0.5859487,0.8373774326036821,0.636733633418457,-0.9134862,-0.6089762,0.8266839507945808,0.6120995328366643,-0.91679543,-0.57767963
118,0.8561915920152946,0.6901041031767317,-0.9121228,-0.6690938,0.8374108699337895,0.5864075054819153,-0.91480786,-0.5977598,0.8292483811924567,0.5914857241202416,-0.9130094,-0.5622711,0.8373079769777934,0.6466225670388976,-0.9149571,-0.61199325,0.8250495079875055,0.5881892087081937,-0.91592044,-0.5593041
119,0.8604577141782016,0.7027107053409632,-0.9138842,-0.6768883,0.8344291417416954,0.6029072538985591,-0.9155203,-0.6019478,0.8278020966390944,0.6173809109700825,-0.9130007,-0.5776928,0.8362152216512604,0.63340722584168,-0.9098323,-0.604353,0.832390390437825,0.593696984396351,-0.91685057,-0.57236856
120,0.8570184094866142,0.6876355819825721,-0.9113624,-0.66476595,0.8397894700333423,0.6157750617778668,-0.91558033,-0.6098343,0.8274686982660805,0.6142969091416467,-0.9151071,-0.5738123,0.8387552477953703,0.6618040718803255,-0.9121734,-0.6312896,0.826847999099958,0.5792020953388615,-0.9175591,-0.5600597
121,0.8526320983706087,0.6700030788474006,-0.9120189,-0.6537013,0.8430648591895797,0.5359105590710248,-0.91550475,-0.5730801,0.8311243373453827,0.6024219073170155,-0.9151343,-0.57382685,0.8490179908166079,0.6276738312110728,-0.91433305,-0.6146318,0.8228654495653215,0.5733651955929554,-0.91848874,-0.5520763
122,0.8549693736891152,0.7012191669015241,-0.9125574,-0.67262894,0.8359062009426929,0.6108710759103555,-0.91563004,-0.60762525,0.826188126530343,0.5654218421690073,-0.916203,-0.5398695,0.8400817212876629,0.6312670077604261,-0.91685814,-0.60363144,0.8279316291397067,0.6064126158133373,-0.9181768,-0.58156395
123,0.8559803122122723,0.6937974488855675,-0.9144747,-0.66776985,0.8345030088274248,0.57724328820334,-0.9156574,-0.58788466,0.8351684088444183,0.5428693300890569,-0.9162566,-0.5391331,0.8382674456366531,0.648272704793248,-0.91614676,-0.6172331,0.8240453638647002,0.5834410121896322,-0.9174397,-0.555982
124,0.8535884537707696,0.6786235329529839,-0.9091127,-0.6566445,0.8381789311280702,0.5605592005522331,-0.91563576,-0.5847086,0.8329682342183498,0.5086888527566897,-0.9156637,-0.5028525,0.8419918075221396,0.6214089736032298,-0.91706324,-0.59873676,0.8243210645647578,0.5721486478028399,-0.9187395,-0.54706514
125,0.8564560093553024,0.6655434312440427,-0.9109694,-0.64873934,0.833445732310094,0.546744690498983,-0.9153424,-0.5703571,0.8253778928563253,0.6174010834173183,-0.91652995,-0.5774,0.8329293584241498,0.6508584770528757,-0.9179208,-0.61398095,0.8220045369253565,0.5642155121495337,-0.9193602,-0.5427637
126,0.8566625868566572,0.6860929904915104,-0.91426235,-0.66250557,0.8287141541689818,0.5763120695148646,-0.91556734,-0.5888452,0.8252149069297525,0.5947902144070017,-0.9157612,-0.55484486,0.8409775478872754,0.6143542009862916,-0.91702634,-0.60136795,0.8224445858104034,0.5795809193544044,-0.91879594,-0.55105066
127,0.8534551534782375,0.6884266365019237,-0.9141047,-0.6641629,0.8285584107792437,0.5843136764517284,-0.9173837,-0.5827376,0.8317245217055295,0.5916507504768636,-0.9176009,-0.56269854,0.8363396108584848,0.6403171128508166,-0.91803014,-0.60873294,0.8261138099566144,0.5670440541696501,-0.92104393,-0.55352473
128,0.8542884700680281,0.7059269552515033,-0.91705036,-0.67594737,0.8378784597523945,0.5675134929944886,-0.91829896,-0.5876463,0.8308236506475386,0.6220976743758836,-0.9180008,-0.5816222,0.8363942424888287,0.599164665511199,-0.9186437,-0.5774921,0.8301739721276674,0.5944259016599888,-0.92073023,-0.5696559
129,0.8576694485961924,0.69481340476743,-0.91659313,-0.6659769,0.8408342051155968,0.5875623319399946,-0.91801196,-0.598436,0.8315406289602143,0.6195587784992517,-0.91782916,-0.58251935,0.8415082832407101,0.6353188731159387,-0.91792357,-0.6137536,0.8248437007954504,0.583644995922918,-0.9205884,-0.5546479
130,0.8506159757277619,0.6880066050823698,-0.9163078,-0.6584249,0.835480265709415,0.5591624112116054,-0.91896725,-0.57773143,0.8295255755516083,0.6184210227430186,-0.91962665,-0.5786401,0.8374847377550853,0.6101724102794025,-0.91593874,-0.5910731,0.8215152362106728,0.5822445841057345,-0.9212898,-0.55147177
131,0.85812578365053,0.6942201770477799,-0.9142224,-0.6722667,0.8348660953980082,0.6386978622160722,-0.9194307,-0.6228348,0.8373591696906666,0.633571829978895,-0.9202616,-0.59852177,0.8366813805877243,0.640191741549654,-0.9183757,-0.6094478,0.8249722667465128,0.5956887458219179,-0.92168504,-0.5645821
132,0.851778345749157,0.678438273344773,-0.9160565,-0.65359426,0.8398031472931158,0.620373749953759,-0.91876876,-0.62074775,0.8359294024645749,0.6290156134825438,-0.92143446,-0.5937852,0.8363212788574945,0.6471624894695116,-0.9192616,-0.61107427,0.8257063241308112,0.5781231538188456,-0.92216206,-0.55599463
133,0.8544763603188338,0.6848467239108438,-0.91803855,-0.6596634,0.8351733441233445,0.6035989162896939,-0.91886616,-0.6049273,0.8327218833652548,0.6047313781329267,-0.92027926,-0.5780765,0.8414363792456488,0.6151865328931736,-0.9202458,-0.59539884,0.827013829375001,0.5881241831186049,-0.9205596,-0.56472903
134,0.8518113593671893,0.6814882565541038,-0.91823035,-0.65290964,0.8362599025506707,0.5570470633290083,-0.9202865,-0.58088315,0.8348992111871864,0.587984597815217,-0.9203169,-0.56263465,0.8357358097809897,0.607133519809134,-0.91893494,-0.58937025,0.8251296124116546,0.5842947993386207,-0.9212481,-0.553946
135,0.8585547677157296,0.6948150572322823,-0.9180512,-0.6720003,0.8395624543438978,0.6057793281231064,-0.91686106,-0.60979205,0.8312972610902764,0.5669609184864849,-0.9211915,-0.546128,0.8392516846645552,0.6304187194714462,-0.91985524,-0.6077221,0.826657038697486,0.581166505398396,-0.9233824,-0.5570116
136,0.8565393549173489,0.7136621361330403,-0.9196871,-0.68241966,0.8381498871672981,0.618970358455256,-0.9176542,-0.6197839,0.8318173213151595,0.6244030717080513,-0.92105615,-0.5817636,0.8419213016904197,0.6179778963463809,-0.9198514,-0.59635633,0.8192594736805245,0.5945543519451933,-0.92361486,-0.55957943
137,0.8521303477454958,0.6951487496863616,-0.91942465,-0.6629164,0.8340693351627865,0.5739542899866801,-0.91910046,-0.5858728,0.8315479985884519,0.611476446965435,-0.92245436,-0.57597846,0.8396189704372861,0.6226003430670888,-0.92091256,-0.6016443,0.8299807035506126,0.560050832194548,-0.92121804,-0.55031645
138,0.8550385802822055,0.6936048196690888,-0.9200825,-0.66747445,0.8357619726586717,0.5673302312563412,-0.9196195,-0.58409935,0.8365937710028699,0.6019528726424324,-0.9221541,-0.5792527,0.8416595776062811,0.6281094671734236,-0.92166173,-0.60099584,0.8268966910515249,0.5867484478852697,-0.9222532,-0.56150794
139,0.8488566573092786,0.6897914976777708,-0.9202932,-0.6560382,0.8317310814335368,0.6097905478251755,-0.91522074,-0.6074376,0.8300159615752203,0.5711249908267391,-0.92311376,-0.54257154,0.8376991772716422,0.6186118675990957,-0.9229641,-0.5913137,0.8267524425334515,0.576031566152492,-0.9234545,-0.55439675
140,0.8551915438722779,0.6865573841846346,-0.9206304,-0.6662905,0.8311764509740288,0.6139375206129821,-0.9191063,-0.6072822,0.8327872586533579,0.5745837512733347,-0.92354727,-0.55739594,0.8405083975487797,0.6189969632965696,-0.9231069,-0.59720266,0.8262280211888466,0.6159336545148781,-0.9240936,-0.58006704
141,0.8509224232705279,0.7029638787565038,-0.9229008,-0.66412705,0.8415945809209576,0.5547271827034164,-0.92067164,-0.58287454,0.8350133404775216,0.5303430542842495,-0.92342556,-0.5252266,0.8407947612687642,0.6329032520863354,-0.9187593,-0.6107204,0.8224394719144569,0.6127860720184596,-0.92556864,-0.57319903
142,0.8538882514752515,0.7046120178209416,-0.92177594,-0.6732595,0.8395435551126841,0.6072646486825226,-0.9212429,-0.60785395,0.8344612554347888,0.6303425416048122,-0.92323977,-0.5965127,0.8432335390142205,0.6476484212939475,-0.9220365,-0.61863077,0.8241070959904837,0.59424815670231,-0.92501676,-0.56837606
143,0.8545852261808748,0.6907288214634102,-0.9214852,-0.66171175,0.8301307734003108,0.612110631916913,-0.9217346,-0.6049258,0.8307808871600079,0.6232058736194338,-0.9232963,-0.5870696,0.8399823911502652,0.6340634045489302,-0.9236542,-0.6092177,0.8242939396198251,0.5923826955239305,-0.92513406,-0.5619912
144,0.8489194129703961,0.7001761985833167,-0.9215173,-0.6675904,0.832209266832455,0.5995051823913683,-0.92139244,-0.59708744,0.8338641439902703,0.6016213728599543,-0.92330843,-0.56945074,0.8438134343075476,0.6297542831289363,-0.92250544,-0.6098673,0.8243628351309815,0.6144611433726251,-0.9267859,-0.57148623
145,0.8486843177657494,0.7215085931350841,-0.9205167,-0.6754055,0.8329792797626993,0.5216371675809905,-0.9225768,-0.54816645,0.8326431145437466,0.5602120335882251,-0.9248394,-0.5387156,0.8421870945847808,0.6214250559099839,-0.92232007,-0.6032233,0.8239969503291384,0.5660004257429702,-0.92714125,-0.54231095
146,0.8514075836378312,0.6982286690450331,-0.92199314,-0.6614716,0.8310009245302075,0.5782844027804269,-0.9221041,-0.5854513,0.834749784586252,0.5962298195211546,-0.92529565,-0.567469,0.839114681975072,0.6224703869864119,-0.9243306,-0.59788454,0.8293921286059377,0.5950331768543636,-0.926713,-0.5681398
147,0.8544326996185034,0.6867187016100531,-0.921779,-0.65965426,0.8318787035738392,0.6413122279179396,-0.9228634,-0.6241547,0.8343584268772656,0.6165378057688479,-0.92574173,-0.57609606,0.8444415232639625,0.6433017091698116,-0.925484,-0.6139085,0.8254251859565231,0.5680473077940931,-0.9269967,-0.5485361
148,0.8546246283941772,0.6992781479534149,-0.92352027,-0.6687066,0.8325199826120653,0.6118291315267327,-0.9230561,-0.6086557,0.8375518641457613,0.5935974007296022,-0.9256494,-0.5571438,0.8441053285797973,0.6378800891367432,-0.9231495,-0.61400896,0.8218866652486887,0.5408144985914574,-0.9272486,-0.52172226
149,0.856261264764599,0.6787732670988937,-0.92418325,-0.6578577,0.8366504985553291,0.6186849657324279,-0.92321473,-0.61104596,0.8329371395891912,0.5899986361031684,-0.9251758,-0.56280714,0.8440181523875159,0.6195390792619541,-0.92373455,-0.59950787,0.8254637545893692,0.5764191667765497,-0.9266752,-0.551845
150,0.8565330795725655,0.6885046311205534,-0.9251166,-0.6632536,0.837832027021717,0.6303781668926947,-0.92374766,-0.6239566,0.8344021498524528,0.5677269043760129,-0.9255574,-0.55084205,0.8456387767622313,0.640859653666343,-0.9231479,-0.6163633,0.8216939983796782,0.5959878636654989,-0.92776775,-0.56081206
151,0.8531869143422781,0.684653137465192,-0.9242593,-0.6563201,0.8318614912187099,0.5869815345499989,-0.924234,-0.5895139,0.8360843278315945,0.5776815508679811,-0.92567974,-0.5559289,0.8446586769935795,0.6204128185185128,-0.92462844,-0.6039407,0.8266572584043426,0.5840689447399458,-0.92758375,-0.5540946
152,0.8577802163043904,0.6859953585053759,-0.9245027,-0.6611956,0.8382395075512549,0.5778266757356115,-0.9214934,-0.58786905,0.8374367090898968,0.6048919479714441,-0.92651135,-0.56891555,0.840558511746808,0.6242778784286772,-0.9255831,-0.59669065,0.8231381982551705,0.5734321980510924,-0.9275173,-0.5465105
153,0.8546383660798775,0.685142153614082,-0.9233447,-0.65423113,0.8379454590663779,0.5702487388722655,-0.9215476,-0.5831845,0.8335762176253437,0.5849018951319078,-0.9265835,-0.5563809,0.8355690771830513,0.6412686398653754,-0.9261474,-0.60837156,0.8278596447058668,0.573031129061353,-0.92940515,-0.5480729
154,0.8543435771429774,0.6642441089761603,-0.9250623,-0.6463864,0.8374014564574541,0.5814736779675737,-0.9244023,-0.5890892,0.830364424562871,0.6025665393764508,-0.9272262,-0.5667318,0.8435862507045541,0.6225579975194679,-0.9257258,-0.59837854,0.8286541401486126,0.5889871650101038,-0.92917675,-0.56500465
155,0.858969865309479,0.6906761764373942,-0.92362195,-0.6629972,0.8394608334351049,0.5791562160026587,-0.92411774,-0.59426767,0.8308001113711939,0.5583921688757172,-0.9274004,-0.5378054,0.8463855332170647,0.5969667270955156,-0.92693543,-0.5876225,0.8212682943650716,0.5948886374899062,-0.92907876,-0.5534838
156,0.8526691878523112,0.6879700592167192,-0.9247095,-0.6585494,0.8362187190217351,0.5916762617002026,-0.925109,-0.5996878,0.8321437574420035,0.5142365089977664,-0.9269628,-0.50643486,0.8413033568712361,0.6268060004297055,-0.9266516,-0.59864527,0.8335088849881662,0.5902400918631548,-0.9293827,-0.5712871
157,0.8515420827974135,0.6785741459947839,-0.92558277,-0.6487529,0.8378033683426851,0.5838502904113104,-0.9262814,-0.59104633,0.8347912604837061,0.5718177901636247,-0.92800975,-0.5471091,0.8440207728223653,0.6122356584586045,-0.9275524,-0.5910984,0.8276152998771028,0.5689929469092955,-0.92985594,-0.5451204
158,0.8558292826990103,0.6869857449864897,-0.92647046,-0.66351044,0.8358387980749568,0.5770488242398355,-0.9265627,-0.58468676,0.8327964896154079,0.5765580056512718,-0.92834,-0.5454786,0.8413187510351046,0.6189960911783634,-0.9270477,-0.5963269,0.830017164685848,0.5821939854651476,-0.9304515,-0.5603405
159,0.8531736243759674,0.6780361221761879,-0.9262377,-0.6530295,0.8302118068908537,0.5723742330182273,-0.92765886,-0.57435304,0.8353193257236114,0.5682846725675494,-0.9284026,-0.5401758,0.8392411317207019,0.6267211389463909,-0.92827356,-0.5926174,0.8280578584604341,0.5885340826619749,-0.9305774,-0.5637498
160,0.8554649027911483,0.69603434687532,-0.92704004,-0.6702947,0.8399500232942841,0.5971006335309026,-0.92808783,-0.60091865,0.8317553610017611,0.6055042597306689,-0.9277226,-0.56764996,0.8409084692411117,0.6274666239638889,-0.92944306,-0.5992128,0.8292870978518165,0.597333278815661,-0.93037444,-0.56638235
161,0.8554206222771361,0.6835113070823206,-0.927596,-0.65654093,0.8406471523304313,0.564251311940738,-0.92802495,-0.5789122,0.8332593862629033,0.6150224246477717,-0.9292587,-0.578873,0.8371516050863048,0.6451806755140768,-0.9292041,-0.60930103,0.822848940559732,0.5869605118323316,-0.9292004,-0.5529012
162,0.8524745812764506,0.6741645267186323,-0.92581093,-0.6427585,0.8353580342542387,0.5614681273931943,-0.92725617,-0.5747624,0.8385560289538047,0.6084631114565796,-0.92928576,-0.57924056,0.8397777042503303,0.6281275803702592,-0.92958903,-0.5988042,0.8252961204881754,0.5777052557378766,-0.9307244,-0.5493922
163,0.8534603999876826,0.699709595208644,-0.9258259,-0.6650085,0.8376897498421745,0.5935075067664907,-0.9270916,-0.5966105,0.832945957937972,0.6036996881869068,-0.9299025,-0.5634622,0.8400385012645653,0.6210206931421308,-0.9286502,-0.58853525,0.8243025314749665,0.5929051632395006,-0.93058205,-0.5544536
164,0.8523090065644918,0.6763158009030577,-0.9279494,-0.6424307,0.8351312097819155,0.5535523363500836,-0.9284156,-0.57185,0.8342735880707081,0.6224610210328558,-0.92989725,-0.5805523,0.8390492942677381,0.595306550545729,-0.9295179,-0.5742865,0.8261190463915653,0.5579924765868263,-0.93174464,-0.53759444
165,0.8511274365441843,0.691248484589449,-0.9277314,-0.65508026,0.8314164302849437,0.5714557784850925,-0.9276694,-0.5818597,0.835530715548416,0.5945051507607764,-0.93101585,-0.5736902,0.8448127700090773,0.6372915956937903,-0.929125,-0.61039704,0.8271186236904504,0.5800544301154932,-0.93138427,-0.55936307
166,0.8563678053536914,0.6900611333204749,-0.9282749,-0.66051066,0.8404733874914241,0.6013472694766592,-0.92724705,-0.6025947,0.8339567536064753,0.6190794910258588,-0.9307821,-0.57553476,0.8393626377807522,0.6331207073440961,-0.93041563,-0.5957685,0.8179410294706932,0.5665324833724468,-0.9320988,-0.5337554
167,0.853970211954967,0.6855351601947326,-0.92778915,-0.6530242,0.8370031342078306,0.5870683882742642,-0.92816406,-0.58558536,0.831727383959723,0.6621729069110329,-0.9308816,-0.6027475,0.839998289999273,0.6162181061968687,-0.9303677,-0.5928327,0.8203532109967933,0.5424946271877044,-0.93213147,-0.5221234
168,0.8566419493651343,0.6845496016121845,-0.9292799,-0.65915304,0.8428702513486364,0.5953636739869493,-0.9292294,-0.6044929,0.8337097180086726,0.6196738313598043,-0.93064094,-0.5847337,0.8432642896656968,0.6272924251124915,-0.93051714,-0.59921455,0.8269799553857032,0.5842332814895875,-0.9322538,-0.5612471
169,0.8540765914811884,0.6807631952864092,-0.92856896,-0.65326273,0.8396907715262182,0.5767926926954599,-0.92982036,-0.5877039,0.8346460266089789,0.5786424712570367,-0.93081456,-0.55199194,0.8416112879036729,0.6208288279744903,-0.93049353,-0.5960176,0.8253524176614464,0.5844690273667896,-0.9320399,-0.5530925
170,0.8545962890248489,0.6885325824720593,-0.92966944,-0.6609061,0.8376263932621036,0.5726680792788338,-0.9293708,-0.58254725,0.8295089066087241,0.5792577971001388,-0.9313339,-0.5577242,0.8376269286197421,0.6216072428865718,-0.9308285,-0.59191257,0.8223195144385055,0.5772545159444012,-0.93240964,-0.5520845
171,0.8499737824704656,0.6642041354865171,-0.9297445,-0.6334507,0.8388748408397867,0.5661486904701635,-0.930008,-0.584335,0.8337137978292686,0.6090442033211945,-0.93167937,-0.5698461,0.8468526960471199,0.6360565365327883,-0.93179864,-0.6140107,0.8222198550970123,0.5716136730644643,-0.932104,-0.54381084
172,0.8540688227627851,0.6862507716967133,-0.92961293,-0.6562465,0.8390424379839222,0.5722743042129286,-0.93068016,-0.5845989,0.8320625096891483,0.6075085971141619,-0.932048,-0.5689738,0.8403320031278191,0.6258286395488921,-0.9322747,-0.5997432,0.8220948050499243,0.5562009647863765,-0.9329434,-0.53280646
173,0.8549539433356639,0.6805503791230718,-0.93067825,-0.6549394,0.8370239270377726,0.5928709634693454,-0.93031216,-0.5965082,0.8388226584080556,0.6091606190605071,-0.93209517,-0.57766294,0.8376176471175583,0.5917102512433868,-0.93099,-0.5700965,0.826093383033671,0.5913704428447877,-0.9338093,-0.5608987
174,0.8544632230182707,0.6895316001158835,-0.93114424,-0.6612243,0.8390314401451965,0.5860204816482967,-0.9303415,-0.5955131,0.838635472149769,0.6000618887621063,-0.9330186,-0.57497716,0.8470745832006066,0.6199373765306865,-0.93171525,-0.60331595,0.8294052704188489,0.5635296648136582,-0.93304545,-0.55126923
175,0.8516181753039755,0.6865560155468622,-0.93057084,-0.65212214,0.8362362575957772,0.5848834485551987,-0.93169534,-0.5875175,0.8339681075100978,0.586363815695682,-0.9332333,-0.5608128,0.8370983096127077,0.6262302879230981,-0.932334,-0.5940955,0.8255027552621842,0.5625299400947734,-0.9333125,-0.5441342
176,0.8580082713531652,0.6713253854695103,-0.93099415,-0.6516769,0.839026969089058,0.5906318563612731,-0.9320236,-0.59143674,0.839979161000163,0.6024944304081652,-0.9325637,-0.5792204,0.8404596424901526,0.6183634079512628,-0.9329729,-0.5964626,0.8282960604383094,0.5548127743661684,-0.93391186,-0.54277825
177,0.8541286504251062,0.6713532380938496,-0.93084836,-0.6426482,0.8386544653448568,0.5812139228264743,-0.93125075,-0.58793235,0.8311305578024928,0.6153006209763073,-0.9329478,-0.5656731,0.8366623481460899,0.6282620576405887,-0.9328065,-0.5954695,0.8245817711488772,0.5362502991971811,-0.9344457,-0.5248276
178,0.8550504509379532,0.696811306205907,-0.93172634,-0.66643393,0.8319205597264061,0.6258529618332115,-0.93198293,-0.6084237,0.834725018700454,0.580400514511793,-0.9335155,-0.5603063,0.8376242235530249,0.6054141734628662,-0.933333,-0.580631,0.8286038013449809,0.5726561876623159,-0.93463147,-0.5489766
179,0.8547475636488805,0.6884100311500727,-0.9320592,-0.65875936,0.8351857676732795,0.5920909295297386,-0.93271226,-0.59496117,0.8365670505301463,0.6244239255503727,-0.93380725,-0.58696824,0.8423178363657865,0.61327117312427,-0.9339398,-0.5902995,0.8215745922415549,0.5597006386771534,-0.9349884,-0.53447974
180,0.8551172906690327,0.6858453013410133,-0.93202305,-0.65563637,0.8373323294813817,0.6074433005612939,-0.9318283,-0.5987246,0.8382432922436048,0.6106424298700306,-0.9345664,-0.5770684,0.8430276643971889,0.6390879918932613,-0.9335182,-0.6071896,0.8260694693624467,0.5906448840869372,-0.9352909,-0.55124825
181,0.8567675542057451,0.6870379522954682,-0.9323856,-0.6592645,0.8364446535401912,0.5789895870036209,-0.93250966,-0.583797,0.8374558326036875,0.5881089915159159,-0.93367654,-0.5596916,0.8418940576937196,0.6289793992638443,-0.9345499,-0.5967844,0.8232257136021015,0.5717092635982751,-0.9355074,-0.54318833
182,0.8581983732792939,0.6727484928107201,-0.9321167,-0.6539527,0.8421598292607184,0.5885295728211283,-0.9322112,-0.5955264,0.8310139527238917,0.5760380103108484,-0.93432575,-0.5490841,0.8441517653295924,0.6093934118998461,-0.93427,-0.59228486,0.8279968869664664,0.5785548411625915,-0.9360152,-0.5476873
183,0.8536351594703975,0.6813646908826404,-0.9328237,-0.64791536,0.83568588505209,0.5942774242979237,-0.93311876,-0.59676623,0.836401837382619,0.5875332069276269,-0.9348982,-0.5604044,0.8402990455303504,0.6353500432370848,-0.9345265,-0.60334474,0.8214195602745917,0.5509103351889738,-0.93673414,-0.51929694
184,0.8606464442310513,0.6854058476034655,-0.93224746,-0.66237754,0.8380589637423067,0.5658492441849704,-0.9336543,-0.5812261,0.8371331494116454,0.6042995075078297,-0.9352242,-0.57806975,0.8357391041521401,0.6445016875286117,-0.93458605,-0.60334194,0.8316149012688111,0.5630520970244762,-0.93594116,-0.54474235
185,0.8527405708461392,0.7030782384220662,-0.9332141,-0.66467524,0.835206587841286,0.5862159839794568,-0.9341039,-0.5841715,0.8374119199722988,0.5794222046933544,-0.93544143,-0.55702937,0.8399248488157025,0.6277511923216598,-0.9350621,-0.59162456,0.8275099143579085,0.5626520228377739,-0.93636805,-0.53860813
186,0.8546244881972063,0.6880079346248248,-0.9337434,-0.65607315,0.8358206675735601,0.6025745534915249,-0.9341667,-0.5945483,0.8362723296646759,0.6306229313581296,-0.93577075,-0.58970886,0.8454496939714987,0.6322990167174521,-0.9358538,-0.6053515,0.8183859854418575,0.5662176274744889,-0.9365227,-0.5298004
187,0.856652375134437,0.6743275763241081,-0.9330503,-0.65236664,0.8376037060203638,0.5722676100322409,-0.93372804,-0.5815419,0.8393937696135675,0.6022205825834533,-0.9352408,-0.57333326,0.842307199686114,0.6235772224155519,-0.93610626,-0.5914117,0.8230588796601925,0.5799123612957916,-0.93730956,-0.5473325
188,0.8559529288047318,0.6924863880555046,-0.9335907,-0.65757805,0.8371281009219543,0.5788447312242053,-0.9335353,-0.586267,0.8369129547798271,0.6129327397811412,-0.93603796,-0.5838057,0.8406676590200722,0.6284454833070118,-0.9353732,-0.5937376,0.8275838443473184,0.566030430997013,-0.93697447,-0.5424556
189,0.8534810648884492,0.6679262727183064,-0.93397033,-0.64397913,0.838064930165553,0.5985870664616965,-0.93406814,-0.5947339,0.8360352843977311,0.6088219518164806,-0.9350543,-0.5739265,0.839967450669907,0.6243437231841528,-0.9356201,-0.5917232,0.828467738523097,0.5757652037917924,-0.93701136,-0.5514117
190,0.8543681478252334,0.6810876599295068,-0.93403894,-0.65281796,0.8332145504487977,0.5868978475841121,-0.9345505,-0.58209866,0.834211710559204,0.6116740424795254,-0.93608326,-0.573341,0.8399807963492907,0.6245629249175919,-0.93527436,-0.5946864,0.8227491623547627,0.5664412710615846,-0.9379398,-0.5388693
191,0.8585430276118752,0.6897252154116325,-0.9343214,-0.6653233,0.8374711274333146,0.5753343689567022,-0.9347684,-0.58138573,0.8357408027993088,0.6164474007454184,-0.93663013,-0.57869744,0.8407873402271974,0.6456028986827966,-0.93563175,-0.6050279,0.8255787601015866,0.5654407962771458,-0.9380767,-0.5404044
192,0.8557046686003105,0.687723889026345,-0.93364453,-0.65621394,0.8355821656092075,0.5709462937052273,-0.9357137,-0.5800508,0.8314006383524898,0.5713951766314808,-0.9370442,-0.5401062,0.8424070377001573,0.6237125504398047,-0.9367392,-0.5990644,0.8285643865704784,0.5877920010017937,-0.937333,-0.55677664
193,0.852713285441804,0.6808820155223795,-0.9344757,-0.64993423,0.8410780206654164,0.5813220709258593,-0.9352213,-0.5883368,0.8332444463044091,0.6253414491509113,-0.93681514,-0.5793007,0.8417526129106846,0.624390243902439,-0.9368219,-0.58965933,0.827235405014507,0.5692272616714362,-0.93816066,-0.54456055
194,0.854108723633055,0.6782593634622068,-0.9353311,-0.6455132,0.8405241380026133,0.5803018178381274,-0.9355087,-0.58254564,0.8373758445917338,0.631236649249812,-0.935875,-0.5868813,0.840195266122717,0.5934950076219215,-0.9361554,-0.5692271,0.8270155166835722,0.5521533356866298,-0.93755,-0.53433645
195,0.8546346469310924,0.6744591987107744,-0.9356197,-0.64707345,0.8374380387127964,0.5916991961617978,-0.93540156,-0.5894652,0.8350701531532052,0.6142891747577908,-0.9368965,-0.57622594,0.841440152865388,0.6139459286810843,-0.9367938,-0.5878654,0.8262405986370104,0.5924384307318169,-0.93894094,-0.5592346
196,0.8544239176518617,0.6813317839640277,-0.9349616,-0.6531731,0.8357134076443574,0.5915508322118997,-0.9359038,-0.58969134,0.8384584920520802,0.6292511051311297,-0.93637836,-0.59171546,0.8411136393731136,0.625365257514042,-0.93673545,-0.5968123,0.8214734842131909,0.5776129616803437,-0.938323,-0.53989977
197,0.8552006004162348,0.6701092139117293,-0.93548876,-0.6432967,0.8405334149864433,0.5729715513965076,-0.9362743,-0.5841463,0.8385827200231031,0.6311377527754127,-0.9369798,-0.5869742,0.8425053190504983,0.6008699038742062,-0.9366044,-0.58260745,0.8259393975881839,0.6019942285382341,-0.93767476,-0.5566511
198,0.8578030124152084,0.6817889504590587,-0.93549323,-0.6589927,0.8356719677792548,0.5650593984412362,-0.93552554,-0.5754465,0.8365136110894346,0.6199878004006228,-0.93776184,-0.5820328,0.8432802748774941,0.6235279021054234,-0.9373559,-0.5979764,0.8279836081748903,0.5569107450599027,-0.9377476,-0.5300608
199,0.8547311437203161,0.6835297407387213,-0.9360459,-0.6502359,0.8337706292528575,0.6008041828083521,-0.93607956,-0.59217966,0.8335214868183005,0.6125565780294514,-0.93694836,-0.57516146,0.8404108568699912,0.6370753666613453,-0.9370603,-0.6023846,0.8275539583895015,0.5568691318880357,-0.9388506,-0.533625
